{
  "feature_columns": {
    "col_00": {
      "statistics": {
        "mean": 2959.1309702363096, 
        "variance": 78818.4760554106
      }, 
      "type": "numerical"
    }, 
    "col_01": {
      "statistics": {
        "mean": 155.09459054094592, 
        "variance": 12507.966221216393
      }, 
      "type": "numerical"
    }, 
    "col_02": {
      "statistics": {
        "mean": 14.082991700829917, 
        "variance": 56.07423883559483
      }, 
      "type": "numerical"
    }, 
    "col_03": {
      "statistics": {
        "mean": 267.87044628870444, 
        "variance": 45042.69752269724
      }, 
      "type": "numerical"
    }, 
    "col_04": {
      "statistics": {
        "mean": 46.075675765756756, 
        "variance": 3339.9340947645646
      }, 
      "type": "numerical"
    }, 
    "col_05": {
      "statistics": {
        "mean": 2354.6303369663033, 
        "variance": 2437838.4539977433
      }, 
      "type": "numerical"
    }, 
    "col_06": {
      "statistics": {
        "mean": 212.21286204712862, 
        "variance": 715.6621300403636
      }, 
      "type": "numerical"
    }, 
    "col_07": {
      "statistics": {
        "mean": 223.26557344265572, 
        "variance": 392.3422351740328
      }, 
      "type": "numerical"
    }, 
    "col_08": {
      "statistics": {
        "mean": 142.39647701896476, 
        "variance": 1457.6845998707076
      }, 
      "type": "numerical"
    }, 
    "col_09": {
      "statistics": {
        "mean": 1980.7686731326867, 
        "variance": 1749059.071809878
      }, 
      "type": "numerical"
    }, 
    "col_10": {
      "mapping": {
        "Cache": 0, 
        "Commanche": 1, 
        "Neota": 2, 
        "Rawah": 3
      }, 
      "mode": "Rawah", 
      "num_category": 4, 
      "treatment": "vocabulary", 
      "type": "categorical"
    }, 
    "col_11": {
      "mapping": {
        "C2702": 0, 
        "C2703": 1, 
        "C2704": 2, 
        "C2705": 3, 
        "C2706": 4, 
        "C2717": 5, 
        "C3501": 6, 
        "C3502": 7, 
        "C4201": 8, 
        "C4703": 9, 
        "C4704": 10, 
        "C4744": 11, 
        "C4758": 12, 
        "C5101": 13, 
        "C6101": 14, 
        "C6102": 15, 
        "C6731": 16, 
        "C7101": 17, 
        "C7102": 18, 
        "C7103": 19, 
        "C7201": 20, 
        "C7202": 21, 
        "C7700": 22, 
        "C7701": 23, 
        "C7702": 24, 
        "C7709": 25, 
        "C7710": 26, 
        "C7745": 27, 
        "C7746": 28, 
        "C7755": 29, 
        "C7756": 30, 
        "C7757": 31, 
        "C7790": 32, 
        "C8703": 33, 
        "C8707": 34, 
        "C8708": 35, 
        "C8771": 36, 
        "C8772": 37, 
        "C8776": 38
      }, 
      "mode": "C7745", 
      "num_category": 39, 
      "treatment": "vocabulary", 
      "type": "categorical"
    }
  }, 
  "target_algorithm": "XGboost", 
  "target_column": {
    "mapping": {
      "0": "0", 
      "1": "1", 
      "2": "2", 
      "3": "3", 
      "4": "4", 
      "5": "5", 
      "6": "6"
    }, 
    "num_category": 7, 
    "type": "classification"
  }
}