{
  "feature_columns": {
    "col_00": {
      "statistics": {
        "mean": 2959.588707795887, 
        "variance": 78411.05966683447
      }, 
      "type": "numerical"
    }, 
    "col_01": {
      "statistics": {
        "mean": 155.97818551478184, 
        "variance": 12529.650036577597
      }, 
      "type": "numerical"
    }, 
    "col_02": {
      "statistics": {
        "mean": 14.0668599806686, 
        "variance": 55.96979847941934
      }, 
      "type": "numerical"
    }, 
    "col_03": {
      "statistics": {
        "mean": 268.6619171416192, 
        "variance": 45042.06379990087
      }, 
      "type": "numerical"
    }, 
    "col_04": {
      "statistics": {
        "mean": 46.253074692530745, 
        "variance": 3328.380248441284
      }, 
      "type": "numerical"
    }, 
    "col_05": {
      "statistics": {
        "mean": 2355.6665333466653, 
        "variance": 2437699.0256034047
      }, 
      "type": "numerical"
    }, 
    "col_06": {
      "statistics": {
        "mean": 212.1364696863647, 
        "variance": 717.0762344760997
      }, 
      "type": "numerical"
    }, 
    "col_07": {
      "statistics": {
        "mean": 223.35534779855348, 
        "variance": 389.76775133557936
      }, 
      "type": "numerical"
    }, 
    "col_08": {
      "statistics": {
        "mean": 142.5888577808886, 
        "variance": 1455.98562970273
      }, 
      "type": "numerical"
    }, 
    "col_09": {
      "statistics": {
        "mean": 1974.2788554477886, 
        "variance": 1747310.0538440426
      }, 
      "type": "numerical"
    }, 
    "col_10": {
      "mapping": {
        "Cache": 0, 
        "Commanche": 1, 
        "Neota": 2, 
        "Rawah": 3
      }, 
      "mode": "Rawah", 
      "num_category": 4, 
      "treatment": "vocabulary", 
      "type": "categorical"
    }, 
    "col_11": {
      "mapping": {
        "C2702": 0, 
        "C2703": 1, 
        "C2704": 2, 
        "C2705": 3, 
        "C2706": 4, 
        "C2717": 5, 
        "C3501": 6, 
        "C3502": 7, 
        "C4201": 8, 
        "C4703": 9, 
        "C4704": 10, 
        "C4744": 11, 
        "C4758": 12, 
        "C5101": 13, 
        "C5151": 14, 
        "C6101": 15, 
        "C6102": 16, 
        "C6731": 17, 
        "C7101": 18, 
        "C7102": 19, 
        "C7103": 20, 
        "C7201": 21, 
        "C7202": 22, 
        "C7700": 23, 
        "C7701": 24, 
        "C7702": 25, 
        "C7709": 26, 
        "C7710": 27, 
        "C7745": 28, 
        "C7746": 29, 
        "C7755": 30, 
        "C7756": 31, 
        "C7757": 32, 
        "C7790": 33, 
        "C8703": 34, 
        "C8707": 35, 
        "C8708": 36, 
        "C8771": 37, 
        "C8772": 38, 
        "C8776": 39
      }, 
      "mode": "C7745", 
      "num_category": 40, 
      "treatment": "vocabulary", 
      "type": "categorical"
    }
  }, 
  "target_algorithm": "XGboost", 
  "target_column": {
    "mapping": {
      "0": "0", 
      "1": "1", 
      "2": "2", 
      "3": "3", 
      "4": "4", 
      "5": "5", 
      "6": "6"
    }, 
    "num_category": 7, 
    "type": "classification"
  }
}